timestamp,quote,author
2025-11-20T01:31:09,"Fall in love with the process, and the results will come.",Eric Thomas
2025-11-20T01:32:28,Hard times create strong men.,G. Michael Hopf
2025-11-20T01:33:06,Hard times create strong men.,G. Michael Hopf
2025-11-20T01:33:16,Hard times create strong men.,G. Michael Hopf
2025-11-20T01:33:22,A strong mind makes a strong body.,Unknown
2025-11-20T01:34:36,Every action you take is a vote for the type of person you want to become.,James Clear
2025-11-20T01:40:41,"We are what we repeatedly do. Excellence, then, is not an act but a habit.",Will Durant
2025-11-20T01:41:57,You cannot protect what you do not understand.,Unknown
2025-11-20T01:42:03,You don’t need motivation; you need consistency.,Unknown
2025-11-20T01:42:10,You don’t need motivation; you need consistency.,Unknown
2025-11-20T01:42:16,"The more you learn, the more you realize how much you don’t know.",Aristotle
2025-11-20T01:42:22,Automation doesn’t replace people — it upgrades them.,Unknown
2025-11-20T01:42:28,It always seems impossible until it’s done.,Nelson Mandela
2025-11-20T01:43:06,Every weakness you strengthen becomes a weapon.,Unknown
2025-11-20T01:50:46,"Denise is so beautiful, stunning, ethereal, and her titties I love them and want to titty fuck her <3",Edward Escanuela
2025-11-20T01:51:01,"Denise is so beautiful, stunning, ethereal, and her titties I love them and want to titty fuck her <3",Edward Escanuela
2025-11-20T01:51:46,The only bad workout is the one you didn’t do.,Unknown
2025-11-20T01:59:01,"Denise is the most beautiful, ethereal, and gorgeous person that I want to titty fuck and creampie <3",Edward Escanuela
2025-11-20T01:59:43,"Denise is the most beautiful, ethereal, and gorgeous person that I want to titty fuck and creampie <3",Edward Escanuela
2025-11-20T01:59:56,"Denise is the most beautiful, ethereal, and gorgeous person that I want to titty fuck and creampie <3",Edward Escanuela
